PlayPcmWin.g.en-US.resources:settingswindow.baml,Window_1:PlayPcmWin.SettingsWindow.$Content,None,True,True,,#Grid_1;
PlayPcmWin.g.en-US.resources:settingswindow.baml,Window_1:System.Windows.Window.Title,Title,True,True,,PlayPcmWin detailed settings
PlayPcmWin.g.en-US.resources:settingswindow.baml,Window_1:System.Windows.FrameworkElement.Height,None,False,True,,600
PlayPcmWin.g.en-US.resources:settingswindow.baml,Window_1:System.Windows.FrameworkElement.Width,None,False,True,,800
PlayPcmWin.g.en-US.resources:settingswindow.baml,Window_1:System.Windows.FrameworkElement.VerticalAlignment,None,False,True,,Top
PlayPcmWin.g.en-US.resources:settingswindow.baml,Window_1:System.Windows.FrameworkElement.HorizontalAlignment,None,False,True,,Left
PlayPcmWin.g.en-US.resources:settingswindow.baml,FontWeight_1:System.Windows.FontWeight.$Content,None,True,True,,Bold
PlayPcmWin.g.en-US.resources:settingswindow.baml,TransformGroup_1:System.Windows.Media.TransformGroup.$Content,None,False,True,,#ScaleTransform_1;
PlayPcmWin.g.en-US.resources:settingswindow.baml,ScaleTransform_1:System.Windows.Media.ScaleTransform.$Content,None,False,True,,
PlayPcmWin.g.en-US.resources:settingswindow.baml,groupBox1:System.Windows.Controls.GroupBox.$Content,None,False,True,,#Grid_3;
PlayPcmWin.g.en-US.resources:settingswindow.baml,groupBox1:System.Windows.Controls.HeaderedContentControl.Header,Label,True,True,,Quantization bit rate to pass through the WASAPI(Converts on file loading)
PlayPcmWin.g.en-US.resources:settingswindow.baml,groupBox1:System.Windows.FrameworkElement.Height,None,False,True,,232
PlayPcmWin.g.en-US.resources:settingswindow.baml,groupBox1:System.Windows.FrameworkElement.Margin,None,False,True,,"12,12,12,0"
PlayPcmWin.g.en-US.resources:settingswindow.baml,groupBox1:System.Windows.FrameworkElement.VerticalAlignment,None,False,True,,Top
PlayPcmWin.g.en-US.resources:settingswindow.baml,radioButtonBpsVariable:System.Windows.Controls.RadioButton.$Content,RadioButton,True,True,,
PlayPcmWin.g.en-US.resources:settingswindow.baml,radioButtonBpsVariable:System.Windows.Controls.ContentControl.Content,RadioButton,True,True,,"Autoselect Sint16,SInt32V24,SInt32(Suitable for PCI、PCIe、1394 audio devices)"
PlayPcmWin.g.en-US.resources:settingswindow.baml,radioButtonBpsVariable:System.Windows.FrameworkElement.Height,None,False,True,,16
PlayPcmWin.g.en-US.resources:settingswindow.baml,radioButtonBpsVariable:System.Windows.FrameworkElement.Margin,None,False,True,,"6,6,6,0"
PlayPcmWin.g.en-US.resources:settingswindow.baml,radioButtonBpsVariable:System.Windows.FrameworkElement.VerticalAlignment,None,False,True,,Top
PlayPcmWin.g.en-US.resources:settingswindow.baml,radioButtonBpsVariable:System.Windows.Controls.Primitives.ToggleButton.IsChecked,None,False,True,,False
PlayPcmWin.g.en-US.resources:settingswindow.baml,radioButtonBpsVariableSint16Sint32V24:System.Windows.Controls.RadioButton.$Content,RadioButton,True,True,,
PlayPcmWin.g.en-US.resources:settingswindow.baml,radioButtonBpsVariableSint16Sint32V24:System.Windows.Controls.ContentControl.Content,RadioButton,True,True,,"Autoselect Sint16,SInt32V24(Suitable for PCI、PCIe、1394 audio devices which do not support 32bps)"
PlayPcmWin.g.en-US.resources:settingswindow.baml,radioButtonBpsVariableSint16Sint32V24:System.Windows.FrameworkElement.Height,None,False,True,,16
PlayPcmWin.g.en-US.resources:settingswindow.baml,radioButtonBpsVariableSint16Sint32V24:System.Windows.Controls.Primitives.ToggleButton.IsChecked,None,False,True,,False
PlayPcmWin.g.en-US.resources:settingswindow.baml,radioButtonBpsVariableSint16Sint32V24:System.Windows.FrameworkElement.Margin,None,False,True,,"6,28,6,0"
PlayPcmWin.g.en-US.resources:settingswindow.baml,radioButtonBpsVariableSint16Sint32V24:System.Windows.FrameworkElement.VerticalAlignment,None,False,True,,Top
PlayPcmWin.g.en-US.resources:settingswindow.baml,radioButtonBpsVariableSint16Sint24:System.Windows.Controls.RadioButton.$Content,RadioButton,True,True,,
PlayPcmWin.g.en-US.resources:settingswindow.baml,radioButtonBpsVariableSint16Sint24:System.Windows.Controls.ContentControl.Content,RadioButton,True,True,,"Autoselect Sint16,SInt24(Suitable for USB audio devices)"
PlayPcmWin.g.en-US.resources:settingswindow.baml,radioButtonBpsVariableSint16Sint24:System.Windows.FrameworkElement.Height,None,False,True,,16
PlayPcmWin.g.en-US.resources:settingswindow.baml,radioButtonBpsVariableSint16Sint24:System.Windows.Controls.Primitives.ToggleButton.IsChecked,None,False,True,,False
PlayPcmWin.g.en-US.resources:settingswindow.baml,radioButtonBpsVariableSint16Sint24:System.Windows.FrameworkElement.Margin,None,False,True,,"6,50,6,0"
PlayPcmWin.g.en-US.resources:settingswindow.baml,radioButtonBpsVariableSint16Sint24:System.Windows.FrameworkElement.VerticalAlignment,None,False,True,,Top
PlayPcmWin.g.en-US.resources:settingswindow.baml,radioButtonBpsSint16:System.Windows.Controls.RadioButton.$Content,RadioButton,True,True,,
PlayPcmWin.g.en-US.resources:settingswindow.baml,radioButtonBpsSint16:System.Windows.Controls.ContentControl.Content,RadioButton,True,True,,Always use SInt16 format(Truncates lower bits when 24bps or 32bps data arrives)
PlayPcmWin.g.en-US.resources:settingswindow.baml,radioButtonBpsSint16:System.Windows.FrameworkElement.Height,None,False,True,,16
PlayPcmWin.g.en-US.resources:settingswindow.baml,radioButtonBpsSint16:System.Windows.FrameworkElement.Margin,None,False,True,,"6,72,6,0"
PlayPcmWin.g.en-US.resources:settingswindow.baml,radioButtonBpsSint16:System.Windows.FrameworkElement.VerticalAlignment,None,False,True,,Top
PlayPcmWin.g.en-US.resources:settingswindow.baml,radioButtonBpsSint24:System.Windows.Controls.RadioButton.$Content,RadioButton,True,True,,
PlayPcmWin.g.en-US.resources:settingswindow.baml,radioButtonBpsSint24:System.Windows.Controls.ContentControl.Content,RadioButton,True,True,,"Always use SInt24 format(Fills 0 to lower bits when 16bps data arrives, Truncates lower bits when 32bps data arrives)"
PlayPcmWin.g.en-US.resources:settingswindow.baml,radioButtonBpsSint24:System.Windows.FrameworkElement.Height,None,False,True,,16
PlayPcmWin.g.en-US.resources:settingswindow.baml,radioButtonBpsSint24:System.Windows.FrameworkElement.Margin,None,False,True,,"6,94,6,0"
PlayPcmWin.g.en-US.resources:settingswindow.baml,radioButtonBpsSint24:System.Windows.FrameworkElement.VerticalAlignment,None,False,True,,Top
PlayPcmWin.g.en-US.resources:settingswindow.baml,radioButtonSint32V24:System.Windows.Controls.RadioButton.$Content,RadioButton,True,True,,
PlayPcmWin.g.en-US.resources:settingswindow.baml,radioButtonSint32V24:System.Windows.Controls.ContentControl.Content,RadioButton,True,True,,"Always use SInt32V24(SInt32, Valid bits=24bps)"
PlayPcmWin.g.en-US.resources:settingswindow.baml,radioButtonSint32V24:System.Windows.FrameworkElement.Height,None,False,True,,16
PlayPcmWin.g.en-US.resources:settingswindow.baml,radioButtonSint32V24:System.Windows.FrameworkElement.Margin,None,False,True,,"6,116,6,0"
PlayPcmWin.g.en-US.resources:settingswindow.baml,radioButtonSint32V24:System.Windows.FrameworkElement.VerticalAlignment,None,False,True,,Top
PlayPcmWin.g.en-US.resources:settingswindow.baml,radioButtonBpsSint32:System.Windows.Controls.RadioButton.$Content,RadioButton,True,True,,
PlayPcmWin.g.en-US.resources:settingswindow.baml,radioButtonBpsSint32:System.Windows.Controls.ContentControl.Content,RadioButton,True,True,,"Always use SInt32(Fill 0s to lower bits, Valid bits=32bps)"
PlayPcmWin.g.en-US.resources:settingswindow.baml,radioButtonBpsSint32:System.Windows.FrameworkElement.Height,None,False,True,,16
PlayPcmWin.g.en-US.resources:settingswindow.baml,radioButtonBpsSint32:System.Windows.FrameworkElement.Margin,None,False,True,,"6,138,6,0"
PlayPcmWin.g.en-US.resources:settingswindow.baml,radioButtonBpsSint32:System.Windows.FrameworkElement.VerticalAlignment,None,False,True,,Top
PlayPcmWin.g.en-US.resources:settingswindow.baml,radioButtonBpsSfloat32:System.Windows.Controls.RadioButton.$Content,RadioButton,True,True,,
PlayPcmWin.g.en-US.resources:settingswindow.baml,radioButtonBpsSfloat32:System.Windows.Controls.ContentControl.Content,RadioButton,True,True,,Always use SFloat32(IEEE754 single precision floating point format: Supported hardwares are very rare)
PlayPcmWin.g.en-US.resources:settingswindow.baml,radioButtonBpsSfloat32:System.Windows.FrameworkElement.Height,None,False,True,,16
PlayPcmWin.g.en-US.resources:settingswindow.baml,radioButtonBpsSfloat32:System.Windows.FrameworkElement.Margin,None,False,True,,"6,160,6,0"
PlayPcmWin.g.en-US.resources:settingswindow.baml,radioButtonBpsSfloat32:System.Windows.FrameworkElement.VerticalAlignment,None,False,True,,Top
PlayPcmWin.g.en-US.resources:settingswindow.baml,radioButtonBpsAutoSelect:System.Windows.Controls.RadioButton.$Content,RadioButton,True,True,,
PlayPcmWin.g.en-US.resources:settingswindow.baml,radioButtonBpsAutoSelect:System.Windows.Controls.ContentControl.Content,RadioButton,True,True,,Autoselect(Try Sint32V24 and Sint24 when 24bps data arrives)
PlayPcmWin.g.en-US.resources:settingswindow.baml,radioButtonBpsAutoSelect:System.Windows.FrameworkElement.Height,None,False,True,,16
PlayPcmWin.g.en-US.resources:settingswindow.baml,radioButtonBpsAutoSelect:System.Windows.FrameworkElement.Margin,None,False,True,,"6,182,6,0"
PlayPcmWin.g.en-US.resources:settingswindow.baml,radioButtonBpsAutoSelect:System.Windows.FrameworkElement.VerticalAlignment,None,False,True,,Top
PlayPcmWin.g.en-US.resources:settingswindow.baml,groupBox2:System.Windows.Controls.GroupBox.$Content,None,False,True,,#Grid_4;
PlayPcmWin.g.en-US.resources:settingswindow.baml,groupBox2:System.Windows.Controls.HeaderedContentControl.Header,Label,True,True,,CUE sheet settings
PlayPcmWin.g.en-US.resources:settingswindow.baml,groupBox2:System.Windows.FrameworkElement.Height,None,False,True,,59
PlayPcmWin.g.en-US.resources:settingswindow.baml,groupBox2:System.Windows.FrameworkElement.Margin,None,False,True,,"12,249,12,0"
PlayPcmWin.g.en-US.resources:settingswindow.baml,groupBox2:System.Windows.FrameworkElement.VerticalAlignment,None,False,True,,Top
PlayPcmWin.g.en-US.resources:settingswindow.baml,checkBoxPlaceKokomadeAfterIndex00:System.Windows.Controls.CheckBox.$Content,CheckBox,True,True,,
PlayPcmWin.g.en-US.resources:settingswindow.baml,checkBoxPlaceKokomadeAfterIndex00:System.Windows.Controls.ContentControl.Content,CheckBox,True,True,,Set [Batch read endpoint] flag after INDEX00
PlayPcmWin.g.en-US.resources:settingswindow.baml,checkBoxPlaceKokomadeAfterIndex00:System.Windows.FrameworkElement.Height,None,False,True,,16
PlayPcmWin.g.en-US.resources:settingswindow.baml,checkBoxPlaceKokomadeAfterIndex00:System.Windows.FrameworkElement.Margin,None,False,True,,"6,6,6,0"
PlayPcmWin.g.en-US.resources:settingswindow.baml,checkBoxPlaceKokomadeAfterIndex00:System.Windows.FrameworkElement.VerticalAlignment,None,False,True,,Top
PlayPcmWin.g.en-US.resources:settingswindow.baml,groupBox3:System.Windows.Controls.GroupBox.$Content,None,False,True,,#Grid_5;
PlayPcmWin.g.en-US.resources:settingswindow.baml,groupBox3:System.Windows.Controls.HeaderedContentControl.Header,Label,True,True,,Other settings
PlayPcmWin.g.en-US.resources:settingswindow.baml,groupBox3:System.Windows.FrameworkElement.Height,None,False,True,,140
PlayPcmWin.g.en-US.resources:settingswindow.baml,groupBox3:System.Windows.FrameworkElement.Margin,None,False,True,,"12,311,12,0"
PlayPcmWin.g.en-US.resources:settingswindow.baml,groupBox3:System.Windows.FrameworkElement.VerticalAlignment,None,False,True,,Top
PlayPcmWin.g.en-US.resources:settingswindow.baml,checkBoxManuallySetMainWindowDimension:System.Windows.Controls.CheckBox.$Content,CheckBox,True,True,,
PlayPcmWin.g.en-US.resources:settingswindow.baml,checkBoxManuallySetMainWindowDimension:System.Windows.Controls.ContentControl.Content,CheckBox,True,True,,Remember Window position and size
PlayPcmWin.g.en-US.resources:settingswindow.baml,checkBoxManuallySetMainWindowDimension:System.Windows.FrameworkElement.Height,None,False,True,,16
PlayPcmWin.g.en-US.resources:settingswindow.baml,checkBoxManuallySetMainWindowDimension:System.Windows.FrameworkElement.Margin,None,False,True,,"6,6,0,0"
PlayPcmWin.g.en-US.resources:settingswindow.baml,checkBoxManuallySetMainWindowDimension:System.Windows.FrameworkElement.VerticalAlignment,None,False,True,,Top
PlayPcmWin.g.en-US.resources:settingswindow.baml,checkBoxManuallySetMainWindowDimension:System.Windows.FrameworkElement.Width,None,False,True,,390
PlayPcmWin.g.en-US.resources:settingswindow.baml,checkBoxManuallySetMainWindowDimension:System.Windows.FrameworkElement.HorizontalAlignment,None,False,True,,Left
PlayPcmWin.g.en-US.resources:settingswindow.baml,checkBoxStorePlaylistContent:System.Windows.Controls.CheckBox.$Content,CheckBox,True,True,,
PlayPcmWin.g.en-US.resources:settingswindow.baml,checkBoxStorePlaylistContent:System.Windows.Controls.ContentControl.Content,CheckBox,True,True,,Restore the playlist on program startup
PlayPcmWin.g.en-US.resources:settingswindow.baml,checkBoxStorePlaylistContent:System.Windows.FrameworkElement.Height,None,False,True,,16
PlayPcmWin.g.en-US.resources:settingswindow.baml,checkBoxStorePlaylistContent:System.Windows.FrameworkElement.Margin,None,False,True,,"6,28,0,0"
PlayPcmWin.g.en-US.resources:settingswindow.baml,checkBoxStorePlaylistContent:System.Windows.FrameworkElement.VerticalAlignment,None,False,True,,Top
PlayPcmWin.g.en-US.resources:settingswindow.baml,checkBoxStorePlaylistContent:System.Windows.FrameworkElement.Width,None,False,True,,390
PlayPcmWin.g.en-US.resources:settingswindow.baml,checkBoxStorePlaylistContent:System.Windows.FrameworkElement.HorizontalAlignment,None,False,True,,Left
PlayPcmWin.g.en-US.resources:settingswindow.baml,checkBoxCoverart:System.Windows.Controls.CheckBox.$Content,CheckBox,True,True,,
PlayPcmWin.g.en-US.resources:settingswindow.baml,checkBoxCoverart:System.Windows.Controls.ContentControl.Content,CheckBox,True,True,,Display coverart images
PlayPcmWin.g.en-US.resources:settingswindow.baml,checkBoxCoverart:System.Windows.FrameworkElement.Height,None,False,True,,16
PlayPcmWin.g.en-US.resources:settingswindow.baml,checkBoxCoverart:System.Windows.FrameworkElement.Margin,None,False,True,,"420,6,0,0"
PlayPcmWin.g.en-US.resources:settingswindow.baml,checkBoxCoverart:System.Windows.FrameworkElement.VerticalAlignment,None,False,True,,Top
PlayPcmWin.g.en-US.resources:settingswindow.baml,checkBoxCoverart:System.Windows.FrameworkElement.Width,None,False,True,,200
PlayPcmWin.g.en-US.resources:settingswindow.baml,checkBoxCoverart:System.Windows.Controls.Primitives.ToggleButton.IsChecked,None,False,True,,True
PlayPcmWin.g.en-US.resources:settingswindow.baml,checkBoxCoverart:System.Windows.FrameworkElement.HorizontalAlignment,None,False,True,,Left
PlayPcmWin.g.en-US.resources:settingswindow.baml,checkBoxRefrainRedraw:System.Windows.Controls.CheckBox.$Content,CheckBox,True,True,,
PlayPcmWin.g.en-US.resources:settingswindow.baml,checkBoxRefrainRedraw:System.Windows.Controls.ContentControl.Content,CheckBox,True,True,,Minimize GUI redraw when playing
PlayPcmWin.g.en-US.resources:settingswindow.baml,checkBoxRefrainRedraw:System.Windows.FrameworkElement.Height,None,False,True,,16
PlayPcmWin.g.en-US.resources:settingswindow.baml,checkBoxRefrainRedraw:System.Windows.FrameworkElement.Margin,None,False,True,,"420,28,0,0"
PlayPcmWin.g.en-US.resources:settingswindow.baml,checkBoxRefrainRedraw:System.Windows.FrameworkElement.VerticalAlignment,None,False,True,,Top
PlayPcmWin.g.en-US.resources:settingswindow.baml,checkBoxRefrainRedraw:System.Windows.FrameworkElement.Width,None,False,True,,273
PlayPcmWin.g.en-US.resources:settingswindow.baml,checkBoxRefrainRedraw:System.Windows.Controls.Primitives.ToggleButton.IsChecked,None,False,True,,True
PlayPcmWin.g.en-US.resources:settingswindow.baml,checkBoxRefrainRedraw:System.Windows.FrameworkElement.HorizontalAlignment,None,False,True,,Left
PlayPcmWin.g.en-US.resources:settingswindow.baml,textBoxPlayingTimeSize:System.Windows.Controls.TextBox.$Content,Text,True,True,,
PlayPcmWin.g.en-US.resources:settingswindow.baml,textBoxPlayingTimeSize:System.Windows.FrameworkElement.Height,None,False,True,,28
PlayPcmWin.g.en-US.resources:settingswindow.baml,textBoxPlayingTimeSize:System.Windows.FrameworkElement.Margin,None,False,True,,"328,50,0,0"
PlayPcmWin.g.en-US.resources:settingswindow.baml,textBoxPlayingTimeSize:System.Windows.FrameworkElement.VerticalAlignment,None,False,True,,Top
PlayPcmWin.g.en-US.resources:settingswindow.baml,textBoxPlayingTimeSize:System.Windows.FrameworkElement.HorizontalAlignment,None,False,True,,Left
PlayPcmWin.g.en-US.resources:settingswindow.baml,textBoxPlayingTimeSize:System.Windows.FrameworkElement.Width,None,False,True,,53
PlayPcmWin.g.en-US.resources:settingswindow.baml,textBoxPlayingTimeSize:System.Windows.Controls.TextBox.Text,Text,True,True,,16
PlayPcmWin.g.en-US.resources:settingswindow.baml,textBoxPlayingTimeSize:System.Windows.Controls.Control.VerticalContentAlignment,None,False,True,,Center
PlayPcmWin.g.en-US.resources:settingswindow.baml,textBoxPlayingTimeSize:System.Windows.Controls.Control.HorizontalContentAlignment,None,False,True,,Right
PlayPcmWin.g.en-US.resources:settingswindow.baml,label1:System.Windows.Controls.Label.$Content,Label,True,True,,
PlayPcmWin.g.en-US.resources:settingswindow.baml,label1:System.Windows.Controls.ContentControl.Content,Label,True,True,,Playing time font:
PlayPcmWin.g.en-US.resources:settingswindow.baml,label1:System.Windows.FrameworkElement.Height,None,False,True,,28
PlayPcmWin.g.en-US.resources:settingswindow.baml,label1:System.Windows.FrameworkElement.Margin,None,False,True,,"5,50,0,0"
PlayPcmWin.g.en-US.resources:settingswindow.baml,label1:System.Windows.FrameworkElement.VerticalAlignment,None,False,True,,Top
PlayPcmWin.g.en-US.resources:settingswindow.baml,label1:System.Windows.Controls.Control.HorizontalContentAlignment,None,False,True,,Right
PlayPcmWin.g.en-US.resources:settingswindow.baml,label1:System.Windows.Controls.Control.VerticalContentAlignment,None,False,True,,Center
PlayPcmWin.g.en-US.resources:settingswindow.baml,label1:System.Windows.FrameworkElement.HorizontalAlignment,None,False,True,,Left
PlayPcmWin.g.en-US.resources:settingswindow.baml,label1:System.Windows.FrameworkElement.Width,None,False,True,,146
PlayPcmWin.g.en-US.resources:settingswindow.baml,label2:System.Windows.Controls.Label.$Content,Label,True,True,,
PlayPcmWin.g.en-US.resources:settingswindow.baml,label2:System.Windows.Controls.ContentControl.Content,Label,True,True,,pt
PlayPcmWin.g.en-US.resources:settingswindow.baml,label2:System.Windows.FrameworkElement.Height,None,False,True,,28
PlayPcmWin.g.en-US.resources:settingswindow.baml,label2:System.Windows.FrameworkElement.HorizontalAlignment,None,False,True,,Left
PlayPcmWin.g.en-US.resources:settingswindow.baml,label2:System.Windows.FrameworkElement.Margin,None,False,True,,"383,50,0,0"
PlayPcmWin.g.en-US.resources:settingswindow.baml,label2:System.Windows.FrameworkElement.VerticalAlignment,None,False,True,,Top
PlayPcmWin.g.en-US.resources:settingswindow.baml,label2:System.Windows.Controls.Control.VerticalContentAlignment,None,False,True,,Center
PlayPcmWin.g.en-US.resources:settingswindow.baml,comboBoxPlayingTimeFontNames:System.Windows.Controls.ComboBox.$Content,ComboBox,True,True,,
PlayPcmWin.g.en-US.resources:settingswindow.baml,comboBoxPlayingTimeFontNames:System.Windows.FrameworkElement.Height,None,False,True,,24
PlayPcmWin.g.en-US.resources:settingswindow.baml,comboBoxPlayingTimeFontNames:System.Windows.FrameworkElement.HorizontalAlignment,None,False,True,,Left
PlayPcmWin.g.en-US.resources:settingswindow.baml,comboBoxPlayingTimeFontNames:System.Windows.FrameworkElement.Margin,None,False,True,,"151,52,0,0"
PlayPcmWin.g.en-US.resources:settingswindow.baml,comboBoxPlayingTimeFontNames:System.Windows.FrameworkElement.VerticalAlignment,None,False,True,,Top
PlayPcmWin.g.en-US.resources:settingswindow.baml,comboBoxPlayingTimeFontNames:System.Windows.FrameworkElement.Width,None,False,True,,171
PlayPcmWin.g.en-US.resources:settingswindow.baml,labelPlayingTime:System.Windows.Controls.Label.$Content,Label,True,True,,
PlayPcmWin.g.en-US.resources:settingswindow.baml,labelPlayingTime:System.Windows.Controls.ContentControl.Content,Label,True,True,,00:00:00/00:00:00
PlayPcmWin.g.en-US.resources:settingswindow.baml,labelPlayingTime:System.Windows.Controls.Control.FontFamily,Font,True,True,,Courier New
PlayPcmWin.g.en-US.resources:settingswindow.baml,labelPlayingTime:System.Windows.Controls.Control.FontSize,None,True,True,,16
PlayPcmWin.g.en-US.resources:settingswindow.baml,labelPlayingTime:System.Windows.FrameworkElement.Height,None,False,True,,29
PlayPcmWin.g.en-US.resources:settingswindow.baml,labelPlayingTime:System.Windows.Controls.Control.HorizontalContentAlignment,None,False,True,,Right
PlayPcmWin.g.en-US.resources:settingswindow.baml,labelPlayingTime:System.Windows.FrameworkElement.Margin,None,False,True,,"153,82,0,0"
PlayPcmWin.g.en-US.resources:settingswindow.baml,labelPlayingTime:System.Windows.FrameworkElement.VerticalAlignment,None,False,True,,Top
PlayPcmWin.g.en-US.resources:settingswindow.baml,labelPlayingTime:System.Windows.Controls.Control.VerticalContentAlignment,None,False,True,,Center
PlayPcmWin.g.en-US.resources:settingswindow.baml,labelPlayingTime:System.Windows.FrameworkElement.HorizontalAlignment,None,False,True,,Left
PlayPcmWin.g.en-US.resources:settingswindow.baml,labelPlayingTime:System.Windows.FrameworkElement.Width,None,False,True,,214
PlayPcmWin.g.en-US.resources:settingswindow.baml,checkBoxPlayingTimeBold:System.Windows.Controls.CheckBox.$Content,CheckBox,True,True,,
PlayPcmWin.g.en-US.resources:settingswindow.baml,checkBoxPlayingTimeBold:System.Windows.Controls.ContentControl.Content,CheckBox,True,True,,Bold
PlayPcmWin.g.en-US.resources:settingswindow.baml,checkBoxPlayingTimeBold:System.Windows.FrameworkElement.Height,None,False,True,,16
PlayPcmWin.g.en-US.resources:settingswindow.baml,checkBoxPlayingTimeBold:System.Windows.FrameworkElement.HorizontalAlignment,None,False,True,,Left
PlayPcmWin.g.en-US.resources:settingswindow.baml,checkBoxPlayingTimeBold:System.Windows.FrameworkElement.Margin,None,False,True,,"414,56,0,0"
PlayPcmWin.g.en-US.resources:settingswindow.baml,checkBoxPlayingTimeBold:System.Windows.FrameworkElement.VerticalAlignment,None,False,True,,Top
PlayPcmWin.g.en-US.resources:settingswindow.baml,sliderWindowScaling:System.Windows.FrameworkElement.HorizontalAlignment,None,False,True,,Left
PlayPcmWin.g.en-US.resources:settingswindow.baml,sliderWindowScaling:System.Windows.FrameworkElement.Margin,None,False,True,,"12,0,0,12"
PlayPcmWin.g.en-US.resources:settingswindow.baml,sliderWindowScaling:System.Windows.FrameworkElement.Width,None,False,True,,182
PlayPcmWin.g.en-US.resources:settingswindow.baml,sliderWindowScaling:System.Windows.Controls.Primitives.RangeBase.Maximum,None,False,True,,1.25
PlayPcmWin.g.en-US.resources:settingswindow.baml,sliderWindowScaling:System.Windows.Controls.Primitives.RangeBase.Value,None,False,True,,1
PlayPcmWin.g.en-US.resources:settingswindow.baml,sliderWindowScaling:System.Windows.Controls.Primitives.RangeBase.Minimum,None,False,True,,0.8
PlayPcmWin.g.en-US.resources:settingswindow.baml,sliderWindowScaling:System.Windows.Controls.Grid.Row,None,False,True,,1
PlayPcmWin.g.en-US.resources:settingswindow.baml,sliderWindowScaling:System.Windows.FrameworkElement.Height,None,False,True,,28
PlayPcmWin.g.en-US.resources:settingswindow.baml,sliderWindowScaling:System.Windows.FrameworkElement.VerticalAlignment,None,False,True,,Bottom
PlayPcmWin.g.en-US.resources:settingswindow.baml,sliderWindowScaling:System.Windows.Controls.Primitives.RangeBase.SmallChange,None,False,True,,0.03125
PlayPcmWin.g.en-US.resources:settingswindow.baml,sliderWindowScaling:System.Windows.Controls.Slider.TickFrequency,None,False,True,,8
PlayPcmWin.g.en-US.resources:settingswindow.baml,sliderWindowScaling:System.Windows.Controls.Primitives.RangeBase.LargeChange,None,False,True,,0.0625
PlayPcmWin.g.en-US.resources:settingswindow.baml,buttonOK:System.Windows.Controls.Button.$Content,Button,True,True,,
PlayPcmWin.g.en-US.resources:settingswindow.baml,buttonOK:System.Windows.Controls.ContentControl.Content,Button,True,True,,OK
PlayPcmWin.g.en-US.resources:settingswindow.baml,buttonOK:System.Windows.FrameworkElement.Margin,None,False,True,,"0,0,137,12"
PlayPcmWin.g.en-US.resources:settingswindow.baml,buttonOK:System.Windows.FrameworkElement.Height,None,False,True,,23
PlayPcmWin.g.en-US.resources:settingswindow.baml,buttonOK:System.Windows.FrameworkElement.VerticalAlignment,None,False,True,,Bottom
PlayPcmWin.g.en-US.resources:settingswindow.baml,buttonOK:System.Windows.Controls.Grid.Row,None,False,True,,1
PlayPcmWin.g.en-US.resources:settingswindow.baml,buttonOK:System.Windows.FrameworkElement.HorizontalAlignment,None,False,True,,Right
PlayPcmWin.g.en-US.resources:settingswindow.baml,buttonOK:System.Windows.FrameworkElement.Width,None,False,True,,93
PlayPcmWin.g.en-US.resources:settingswindow.baml,buttonCancel:System.Windows.Controls.Button.$Content,Button,True,True,,
PlayPcmWin.g.en-US.resources:settingswindow.baml,buttonCancel:System.Windows.Controls.ContentControl.Content,Button,True,True,,Cancel
PlayPcmWin.g.en-US.resources:settingswindow.baml,buttonCancel:System.Windows.FrameworkElement.Height,None,False,True,,23
PlayPcmWin.g.en-US.resources:settingswindow.baml,buttonCancel:System.Windows.FrameworkElement.VerticalAlignment,None,False,True,,Bottom
PlayPcmWin.g.en-US.resources:settingswindow.baml,buttonCancel:System.Windows.FrameworkElement.HorizontalAlignment,None,False,True,,Right
PlayPcmWin.g.en-US.resources:settingswindow.baml,buttonCancel:System.Windows.FrameworkElement.Width,None,False,True,,119
PlayPcmWin.g.en-US.resources:settingswindow.baml,buttonCancel:System.Windows.Controls.Grid.Row,None,False,True,,1
PlayPcmWin.g.en-US.resources:settingswindow.baml,buttonCancel:System.Windows.FrameworkElement.Margin,None,False,True,,"0,0,12,12"
PlayPcmWin.g.en-US.resources:settingswindow.baml,labelWindowScaling:System.Windows.Controls.Label.$Content,Label,True,True,,
PlayPcmWin.g.en-US.resources:settingswindow.baml,labelWindowScaling:System.Windows.Controls.ContentControl.Content,Label,True,True,,1.00
PlayPcmWin.g.en-US.resources:settingswindow.baml,labelWindowScaling:System.Windows.Controls.Grid.Row,None,False,True,,1
PlayPcmWin.g.en-US.resources:settingswindow.baml,labelWindowScaling:System.Windows.FrameworkElement.Margin,None,False,True,,"214,0,0,12"
PlayPcmWin.g.en-US.resources:settingswindow.baml,labelWindowScaling:System.Windows.Controls.Control.HorizontalContentAlignment,None,False,True,,Right
PlayPcmWin.g.en-US.resources:settingswindow.baml,labelWindowScaling:System.Windows.Controls.Control.VerticalContentAlignment,None,False,True,,Center
PlayPcmWin.g.en-US.resources:settingswindow.baml,labelWindowScaling:System.Windows.FrameworkElement.Height,None,False,True,,28
PlayPcmWin.g.en-US.resources:settingswindow.baml,labelWindowScaling:System.Windows.FrameworkElement.VerticalAlignment,None,False,True,,Bottom
PlayPcmWin.g.en-US.resources:settingswindow.baml,labelWindowScaling:System.Windows.FrameworkElement.HorizontalAlignment,None,False,True,,Left
PlayPcmWin.g.en-US.resources:settingswindow.baml,labelWindowScaling:System.Windows.FrameworkElement.Width,None,False,True,,53
PlayPcmWin.g.en-US.resources:settingswindow.baml,label3:System.Windows.Controls.Label.$Content,Label,True,True,,
PlayPcmWin.g.en-US.resources:settingswindow.baml,label3:System.Windows.Controls.ContentControl.Content,Label,True,True,,x
PlayPcmWin.g.en-US.resources:settingswindow.baml,label3:System.Windows.Controls.Grid.Row,None,False,True,,1
PlayPcmWin.g.en-US.resources:settingswindow.baml,label3:System.Windows.FrameworkElement.Height,None,False,True,,28
PlayPcmWin.g.en-US.resources:settingswindow.baml,label3:System.Windows.FrameworkElement.HorizontalAlignment,None,False,True,,Left
PlayPcmWin.g.en-US.resources:settingswindow.baml,label3:System.Windows.FrameworkElement.Margin,None,False,True,,"273,0,0,12"
PlayPcmWin.g.en-US.resources:settingswindow.baml,label3:System.Windows.FrameworkElement.VerticalAlignment,None,False,True,,Bottom
PlayPcmWin.g.en-US.resources:settingswindow.baml,label3:System.Windows.Controls.Control.VerticalContentAlignment,None,False,True,,Center
PlayPcmWin.g.en-US.resources:settingswindow.baml,button1:System.Windows.Controls.Button.$Content,Button,True,True,,
PlayPcmWin.g.en-US.resources:settingswindow.baml,button1:System.Windows.Controls.ContentControl.Content,Button,True,True,,1x
PlayPcmWin.g.en-US.resources:settingswindow.baml,button1:System.Windows.Controls.Grid.Row,None,False,True,,1
PlayPcmWin.g.en-US.resources:settingswindow.baml,button1:System.Windows.FrameworkElement.Height,None,False,True,,23
PlayPcmWin.g.en-US.resources:settingswindow.baml,button1:System.Windows.FrameworkElement.HorizontalAlignment,None,False,True,,Left
PlayPcmWin.g.en-US.resources:settingswindow.baml,button1:System.Windows.FrameworkElement.Margin,None,False,True,,"301,0,0,15"
PlayPcmWin.g.en-US.resources:settingswindow.baml,button1:System.Windows.FrameworkElement.VerticalAlignment,None,False,True,,Bottom
PlayPcmWin.g.en-US.resources:settingswindow.baml,button1:System.Windows.FrameworkElement.Width,None,False,True,,75
PlayPcmWin.g.en-US.resources:settingswindow.baml,buttonReset:System.Windows.Controls.Button.$Content,Button,True,True,,
PlayPcmWin.g.en-US.resources:settingswindow.baml,buttonReset:System.Windows.Controls.ContentControl.Content,Button,True,True,,_Restore defaults
PlayPcmWin.g.en-US.resources:settingswindow.baml,buttonReset:System.Windows.FrameworkElement.Height,None,False,True,,23
PlayPcmWin.g.en-US.resources:settingswindow.baml,buttonReset:System.Windows.FrameworkElement.HorizontalAlignment,None,False,True,,Right
PlayPcmWin.g.en-US.resources:settingswindow.baml,buttonReset:System.Windows.FrameworkElement.Margin,None,False,True,,"0,0,236,12"
PlayPcmWin.g.en-US.resources:settingswindow.baml,buttonReset:System.Windows.FrameworkElement.VerticalAlignment,None,False,True,,Bottom
PlayPcmWin.g.en-US.resources:settingswindow.baml,buttonReset:System.Windows.FrameworkElement.Width,None,False,True,,128
PlayPcmWin.g.en-US.resources:settingswindow.baml,buttonReset:System.Windows.Controls.Grid.Row,None,False,True,,1
PlayPcmWin.g.en-US.resources:mainwindow.baml,Window_1:PlayPcmWin.MainWindow.$Content,None,True,True,,#Grid_1;
PlayPcmWin.g.en-US.resources:mainwindow.baml,Window_1:System.Windows.Window.Title,Title,True,True,,PlayPcmWin
PlayPcmWin.g.en-US.resources:mainwindow.baml,Window_1:System.Windows.Controls.Control.HorizontalContentAlignment,None,False,True,,Right
PlayPcmWin.g.en-US.resources:mainwindow.baml,Window_1:System.Windows.FrameworkElement.Height,None,False,True,,640
PlayPcmWin.g.en-US.resources:mainwindow.baml,Window_1:System.Windows.FrameworkElement.Width,None,False,True,,1000
PlayPcmWin.g.en-US.resources:mainwindow.baml,Window_1:System.Windows.UIElement.AllowDrop,None,False,True,,True
PlayPcmWin.g.en-US.resources:mainwindow.baml,Window_1:System.Windows.Window.Icon,None,False,True,,/PlayPcmWin\;component/PlayPcmWin64.ico
PlayPcmWin.g.en-US.resources:mainwindow.baml,Window_1:System.Windows.Window.AllowsTransparency,None,False,True,,False
PlayPcmWin.g.en-US.resources:mainwindow.baml,Window_1:System.Windows.Window.WindowStyle,None,True,False,,ThreeDBorderWindow
PlayPcmWin.g.en-US.resources:mainwindow.baml,Window_1:System.Windows.Window.ResizeMode,None,False,True,,CanResizeWithGrip
PlayPcmWin.g.en-US.resources:mainwindow.baml,Grid_1:System.Windows.UIElement.Opacity,None,False,True,,1
PlayPcmWin.g.en-US.resources:mainwindow.baml,TransformGroup_1:System.Windows.Media.TransformGroup.$Content,None,False,True,,#ScaleTransform_1;
PlayPcmWin.g.en-US.resources:mainwindow.baml,ScaleTransform_1:System.Windows.Media.ScaleTransform.$Content,None,False,True,,
PlayPcmWin.g.en-US.resources:mainwindow.baml,menu1:System.Windows.Controls.Menu.$Content,Menu,True,True,,#menuFile;#menuTool;#menuHelp;
PlayPcmWin.g.en-US.resources:mainwindow.baml,menu1:System.Windows.FrameworkElement.Height,None,False,True,,23
PlayPcmWin.g.en-US.resources:mainwindow.baml,menu1:System.Windows.FrameworkElement.VerticalAlignment,None,False,True,,Top
PlayPcmWin.g.en-US.resources:mainwindow.baml,menu1:System.Windows.Controls.Grid.ColumnSpan,None,False,True,,2
PlayPcmWin.g.en-US.resources:mainwindow.baml,menuFile:System.Windows.Controls.MenuItem.$Content,Menu,True,True,,#menuItemFileNew;#menuItemFileOpen;#menuItemFileSaveCueAs;#menuItemFileSaveAs;#Separator_1;#MenuItem_1;
PlayPcmWin.g.en-US.resources:mainwindow.baml,menuFile:System.Windows.Controls.HeaderedItemsControl.Header,Menu,True,True,,_File
PlayPcmWin.g.en-US.resources:mainwindow.baml,menuItemFileNew:System.Windows.Controls.MenuItem.$Content,Menu,True,True,,
PlayPcmWin.g.en-US.resources:mainwindow.baml,menuItemFileNew:System.Windows.Controls.HeaderedItemsControl.Header,Menu,True,True,,Clear the playlist(_N)...
PlayPcmWin.g.en-US.resources:mainwindow.baml,menuItemFileOpen:System.Windows.Controls.MenuItem.$Content,Menu,True,True,,
PlayPcmWin.g.en-US.resources:mainwindow.baml,menuItemFileOpen:System.Windows.Controls.HeaderedItemsControl.Header,Menu,True,True,,_Open...
PlayPcmWin.g.en-US.resources:mainwindow.baml,menuItemFileSaveCueAs:System.Windows.Controls.MenuItem.$Content,Menu,True,True,,
PlayPcmWin.g.en-US.resources:mainwindow.baml,menuItemFileSaveCueAs:System.Windows.Controls.HeaderedItemsControl.Header,Menu,True,True,,Save the playlist as a _CUE sheet...
PlayPcmWin.g.en-US.resources:mainwindow.baml,menuItemFileSaveAs:System.Windows.Controls.MenuItem.$Content,Menu,True,True,,
PlayPcmWin.g.en-US.resources:mainwindow.baml,menuItemFileSaveAs:System.Windows.Controls.HeaderedItemsControl.Header,Menu,True,True,,Save _As...
PlayPcmWin.g.en-US.resources:mainwindow.baml,Separator_1:System.Windows.Controls.Separator.$Content,None,False,True,,
PlayPcmWin.g.en-US.resources:mainwindow.baml,MenuItem_1:System.Windows.Controls.MenuItem.$Content,Menu,True,True,,
PlayPcmWin.g.en-US.resources:mainwindow.baml,MenuItem_1:System.Windows.Controls.HeaderedItemsControl.Header,Menu,True,True,,E_xit
PlayPcmWin.g.en-US.resources:mainwindow.baml,menuTool:System.Windows.Controls.MenuItem.$Content,Menu,True,True,,#menuToolSettings;
PlayPcmWin.g.en-US.resources:mainwindow.baml,menuTool:System.Windows.Controls.HeaderedItemsControl.Header,Menu,True,True,,_Tools
PlayPcmWin.g.en-US.resources:mainwindow.baml,menuToolSettings:System.Windows.Controls.MenuItem.$Content,Menu,True,True,,
PlayPcmWin.g.en-US.resources:mainwindow.baml,menuToolSettings:System.Windows.Controls.HeaderedItemsControl.Header,Menu,True,True,,_Settings
PlayPcmWin.g.en-US.resources:mainwindow.baml,menuHelp:System.Windows.Controls.MenuItem.$Content,Menu,True,True,,#MenuItem_2;#MenuItem_3;
PlayPcmWin.g.en-US.resources:mainwindow.baml,menuHelp:System.Windows.Controls.HeaderedItemsControl.Header,Menu,True,True,,_Help
PlayPcmWin.g.en-US.resources:mainwindow.baml,MenuItem_2:System.Windows.Controls.MenuItem.$Content,Menu,True,True,,
PlayPcmWin.g.en-US.resources:mainwindow.baml,MenuItem_2:System.Windows.Controls.HeaderedItemsControl.Header,Menu,True,True,,About(_V)
PlayPcmWin.g.en-US.resources:mainwindow.baml,MenuItem_3:System.Windows.Controls.MenuItem.$Content,Menu,True,True,,
PlayPcmWin.g.en-US.resources:mainwindow.baml,MenuItem_3:System.Windows.Controls.HeaderedItemsControl.Header,Menu,True,True,,Visit PlayPcmWin _Website
PlayPcmWin.g.en-US.resources:mainwindow.baml,groupBox2:System.Windows.Controls.GroupBox.$Content,None,False,True,,#Grid_2;
PlayPcmWin.g.en-US.resources:mainwindow.baml,groupBox2:System.Windows.Controls.HeaderedContentControl.Header,Label,True,True,,Playlist(Drop audio files from Explorer to add files)
PlayPcmWin.g.en-US.resources:mainwindow.baml,groupBox2:System.Windows.FrameworkElement.Margin,None,False,True,,"6,26,6,136"
PlayPcmWin.g.en-US.resources:mainwindow.baml,buttonClearPlayList:System.Windows.Controls.Button.$Content,Button,True,True,,
PlayPcmWin.g.en-US.resources:mainwindow.baml,buttonClearPlayList:System.Windows.Controls.ContentControl.Content,Button,True,True,,_Clear the playlist
PlayPcmWin.g.en-US.resources:mainwindow.baml,buttonClearPlayList:System.Windows.FrameworkElement.HorizontalAlignment,None,False,True,,Left
PlayPcmWin.g.en-US.resources:mainwindow.baml,buttonClearPlayList:System.Windows.FrameworkElement.Margin,None,False,True,,"6,0,0,8"
PlayPcmWin.g.en-US.resources:mainwindow.baml,buttonClearPlayList:System.Windows.FrameworkElement.Width,None,False,True,,156
PlayPcmWin.g.en-US.resources:mainwindow.baml,buttonClearPlayList:System.Windows.FrameworkElement.Height,None,False,True,,23
PlayPcmWin.g.en-US.resources:mainwindow.baml,buttonClearPlayList:System.Windows.FrameworkElement.VerticalAlignment,None,False,True,,Bottom
PlayPcmWin.g.en-US.resources:mainwindow.baml,buttonRemovePlayList:System.Windows.Controls.Button.$Content,Button,True,True,,
PlayPcmWin.g.en-US.resources:mainwindow.baml,buttonRemovePlayList:System.Windows.Controls.ContentControl.Content,Button,True,True,,Delist the selected file(_R)
PlayPcmWin.g.en-US.resources:mainwindow.baml,buttonRemovePlayList:System.Windows.FrameworkElement.HorizontalAlignment,None,False,True,,Left
PlayPcmWin.g.en-US.resources:mainwindow.baml,buttonRemovePlayList:System.Windows.FrameworkElement.Margin,None,False,True,,"170,0,0,8"
PlayPcmWin.g.en-US.resources:mainwindow.baml,buttonRemovePlayList:System.Windows.FrameworkElement.Width,None,False,True,,179
PlayPcmWin.g.en-US.resources:mainwindow.baml,buttonRemovePlayList:System.Windows.FrameworkElement.Height,None,False,True,,23
PlayPcmWin.g.en-US.resources:mainwindow.baml,buttonRemovePlayList:System.Windows.FrameworkElement.VerticalAlignment,None,False,True,,Bottom
PlayPcmWin.g.en-US.resources:mainwindow.baml,dataGridPlayList:System.Windows.Controls.DataGrid.$Content,None,False,True,,
PlayPcmWin.g.en-US.resources:mainwindow.baml,dataGridPlayList:System.Windows.FrameworkElement.Margin,None,False,True,,"6,6,6,37"
PlayPcmWin.g.en-US.resources:mainwindow.baml,dataGridPlayList:System.Windows.Controls.DataGrid.GridLinesVisibility,None,True,False,,None
PlayPcmWin.g.en-US.resources:mainwindow.baml,dataGridPlayList:System.Windows.Controls.Control.Background,None,False,True,,\#FFFFFFFF
PlayPcmWin.g.en-US.resources:mainwindow.baml,dataGridPlayList:System.Windows.Controls.DataGrid.AutoGenerateColumns,None,False,True,,False
PlayPcmWin.g.en-US.resources:mainwindow.baml,dataGridPlayList:System.Windows.Controls.DataGrid.CanUserSortColumns,None,False,True,,False
PlayPcmWin.g.en-US.resources:mainwindow.baml,dataGridPlayList:System.Windows.Controls.DataGrid.CanUserReorderColumns,None,False,True,,True
PlayPcmWin.g.en-US.resources:mainwindow.baml,dataGridPlayList:System.Windows.Controls.DataGrid.CanUserResizeColumns,None,False,True,,True
PlayPcmWin.g.en-US.resources:mainwindow.baml,dataGridPlayList:System.Windows.Controls.DataGrid.CanUserAddRows,None,False,True,,False
PlayPcmWin.g.en-US.resources:mainwindow.baml,dataGridPlayList:System.Windows.Controls.DataGrid.CanUserResizeRows,None,False,True,,False
PlayPcmWin.g.en-US.resources:mainwindow.baml,dataGridPlayList:System.Windows.Controls.DataGrid.SelectionUnit,None,True,False,,FullRow
PlayPcmWin.g.en-US.resources:mainwindow.baml,dataGridPlayList:System.Windows.UIElement.AllowDrop,None,False,True,,True
PlayPcmWin.g.en-US.resources:mainwindow.baml,Setter_1:System.Windows.Setter.Property,None,False,False,,ContentControl.Content
PlayPcmWin.g.en-US.resources:mainwindow.baml,TitleColumn:System.Windows.Controls.DataGridTextColumn.$Content,None,True,True,,
PlayPcmWin.g.en-US.resources:mainwindow.baml,TitleColumn:System.Windows.Controls.DataGridColumn.Width,None,True,False,,Auto
PlayPcmWin.g.en-US.resources:mainwindow.baml,TitleColumn:System.Windows.Controls.DataGridColumn.Header,Label,True,True,,Title
PlayPcmWin.g.en-US.resources:mainwindow.baml,DurationColumn:System.Windows.Controls.DataGridTextColumn.$Content,None,True,True,,
PlayPcmWin.g.en-US.resources:mainwindow.baml,DurationColumn:System.Windows.Controls.DataGridColumn.Width,None,True,False,,Auto
PlayPcmWin.g.en-US.resources:mainwindow.baml,DurationColumn:System.Windows.Controls.DataGridColumn.Header,Label,True,True,,Duration
PlayPcmWin.g.en-US.resources:mainwindow.baml,ArtistColumn:System.Windows.Controls.DataGridTextColumn.$Content,None,True,True,,
PlayPcmWin.g.en-US.resources:mainwindow.baml,ArtistColumn:System.Windows.Controls.DataGridColumn.Width,None,True,False,,Auto
PlayPcmWin.g.en-US.resources:mainwindow.baml,ArtistColumn:System.Windows.Controls.DataGridColumn.Header,Label,True,True,,Artists
PlayPcmWin.g.en-US.resources:mainwindow.baml,AlbumTitleColumn:System.Windows.Controls.DataGridTextColumn.$Content,None,True,True,,
PlayPcmWin.g.en-US.resources:mainwindow.baml,AlbumTitleColumn:System.Windows.Controls.DataGridColumn.Width,None,True,False,,Auto
PlayPcmWin.g.en-US.resources:mainwindow.baml,AlbumTitleColumn:System.Windows.Controls.DataGridColumn.Header,Label,True,True,,Album name
PlayPcmWin.g.en-US.resources:mainwindow.baml,SampleRateColumn:System.Windows.Controls.DataGridTextColumn.$Content,None,True,True,,
PlayPcmWin.g.en-US.resources:mainwindow.baml,SampleRateColumn:System.Windows.Controls.DataGridColumn.Width,None,True,False,,Auto
PlayPcmWin.g.en-US.resources:mainwindow.baml,SampleRateColumn:System.Windows.Controls.DataGridColumn.Header,Label,True,True,,Sample rate
PlayPcmWin.g.en-US.resources:mainwindow.baml,QuantizationBitRateColumn:System.Windows.Controls.DataGridTextColumn.$Content,None,True,True,,
PlayPcmWin.g.en-US.resources:mainwindow.baml,QuantizationBitRateColumn:System.Windows.Controls.DataGridColumn.Width,None,True,False,,Auto
PlayPcmWin.g.en-US.resources:mainwindow.baml,QuantizationBitRateColumn:System.Windows.Controls.DataGridColumn.Header,Label,True,True,,Quantization bit rate
PlayPcmWin.g.en-US.resources:mainwindow.baml,NumChannelsColumn:System.Windows.Controls.DataGridTextColumn.$Content,None,True,True,,
PlayPcmWin.g.en-US.resources:mainwindow.baml,NumChannelsColumn:System.Windows.Controls.DataGridColumn.Width,None,True,False,,SizeToCells
PlayPcmWin.g.en-US.resources:mainwindow.baml,NumChannelsColumn:System.Windows.Controls.DataGridColumn.Header,Label,True,True,,Num of channels
PlayPcmWin.g.en-US.resources:mainwindow.baml,BitRateColumn:System.Windows.Controls.DataGridTextColumn.$Content,None,True,True,,
PlayPcmWin.g.en-US.resources:mainwindow.baml,BitRateColumn:System.Windows.Controls.DataGridColumn.Width,None,True,False,,Auto
PlayPcmWin.g.en-US.resources:mainwindow.baml,BitRateColumn:System.Windows.Controls.DataGridColumn.Header,Label,True,True,,Bitrate
PlayPcmWin.g.en-US.resources:mainwindow.baml,IsIndex00Column:System.Windows.Controls.DataGridTextColumn.$Content,None,True,True,,
PlayPcmWin.g.en-US.resources:mainwindow.baml,IsIndex00Column:System.Windows.Controls.DataGridColumn.Width,None,True,False,,SizeToCells
PlayPcmWin.g.en-US.resources:mainwindow.baml,IsIndex00Column:System.Windows.Controls.DataGridColumn.Header,Label,True,True,,INDEX 00
PlayPcmWin.g.en-US.resources:mainwindow.baml,ReadSeparaterAfterColumn:System.Windows.Controls.DataGridCheckBoxColumn.$Content,None,True,True,,
PlayPcmWin.g.en-US.resources:mainwindow.baml,ReadSeparaterAfterColumn:System.Windows.Controls.DataGridColumn.Width,None,True,False,,SizeToCells
PlayPcmWin.g.en-US.resources:mainwindow.baml,ReadSeparaterAfterColumn:System.Windows.Controls.DataGridColumn.Header,Label,True,True,,Batch read endpoint
PlayPcmWin.g.en-US.resources:mainwindow.baml,StackPanel_1:System.Windows.FrameworkElement.Height,None,False,True,,109
PlayPcmWin.g.en-US.resources:mainwindow.baml,StackPanel_1:System.Windows.FrameworkElement.Margin,None,False,True,,"0,0,0,26"
PlayPcmWin.g.en-US.resources:mainwindow.baml,StackPanel_1:System.Windows.FrameworkElement.VerticalAlignment,None,False,True,,Bottom
PlayPcmWin.g.en-US.resources:mainwindow.baml,StackPanel_1:System.Windows.FrameworkElement.HorizontalAlignment,None,False,True,,Center
PlayPcmWin.g.en-US.resources:mainwindow.baml,StackPanel_2:System.Windows.Controls.StackPanel.Orientation,None,False,True,,Horizontal
PlayPcmWin.g.en-US.resources:mainwindow.baml,StackPanel_2:System.Windows.FrameworkElement.HorizontalAlignment,None,False,True,,Left
PlayPcmWin.g.en-US.resources:mainwindow.baml,imageCoverArt:System.Windows.Controls.Image.$Content,None,False,True,,
PlayPcmWin.g.en-US.resources:mainwindow.baml,imageCoverArt:System.Windows.Media.RenderOptions.BitmapScalingMode,None,True,False,,Fant
PlayPcmWin.g.en-US.resources:mainwindow.baml,imageCoverArt:System.Windows.FrameworkElement.HorizontalAlignment,None,False,True,,Right
PlayPcmWin.g.en-US.resources:mainwindow.baml,imageCoverArt:System.Windows.Controls.Image.Stretch,None,True,False,,Uniform
PlayPcmWin.g.en-US.resources:mainwindow.baml,imageCoverArt:System.Windows.FrameworkElement.Height,None,False,True,,109
PlayPcmWin.g.en-US.resources:mainwindow.baml,imageCoverArt:System.Windows.FrameworkElement.Width,None,False,True,,109
PlayPcmWin.g.en-US.resources:mainwindow.baml,groupBox7:System.Windows.Controls.GroupBox.$Content,None,False,True,,#Grid_3;
PlayPcmWin.g.en-US.resources:mainwindow.baml,groupBox7:System.Windows.Controls.HeaderedContentControl.Header,Label,True,True,,Playback control
PlayPcmWin.g.en-US.resources:mainwindow.baml,groupBox7:System.Windows.FrameworkElement.Margin,None,False,True,,"6,0,6,0"
PlayPcmWin.g.en-US.resources:mainwindow.baml,groupBox7:System.Windows.FrameworkElement.Height,None,False,True,,109
PlayPcmWin.g.en-US.resources:mainwindow.baml,groupBox7:System.Windows.FrameworkElement.Width,None,False,True,,Auto
PlayPcmWin.g.en-US.resources:mainwindow.baml,Grid_3:System.Windows.FrameworkElement.Width,None,False,True,,380
PlayPcmWin.g.en-US.resources:mainwindow.baml,buttonPlay:System.Windows.Controls.Button.$Content,Button,True,True,,
PlayPcmWin.g.en-US.resources:mainwindow.baml,buttonPlay:System.Windows.Controls.ContentControl.Content,Button,True,True,,_Play
PlayPcmWin.g.en-US.resources:mainwindow.baml,buttonPlay:System.Windows.FrameworkElement.Height,None,False,True,,23
PlayPcmWin.g.en-US.resources:mainwindow.baml,buttonPlay:System.Windows.FrameworkElement.HorizontalAlignment,None,False,True,,Left
PlayPcmWin.g.en-US.resources:mainwindow.baml,buttonPlay:System.Windows.FrameworkElement.Margin,None,False,True,,"6,6,0,0"
PlayPcmWin.g.en-US.resources:mainwindow.baml,buttonPlay:System.Windows.FrameworkElement.VerticalAlignment,None,False,True,,Top
PlayPcmWin.g.en-US.resources:mainwindow.baml,buttonPlay:System.Windows.FrameworkElement.Width,None,False,True,,67
PlayPcmWin.g.en-US.resources:mainwindow.baml,buttonPlay:System.Windows.UIElement.IsEnabled,None,False,True,,False
PlayPcmWin.g.en-US.resources:mainwindow.baml,buttonStop:System.Windows.Controls.Button.$Content,Button,True,True,,
PlayPcmWin.g.en-US.resources:mainwindow.baml,buttonStop:System.Windows.Controls.ContentControl.Content,Button,True,True,,_Stop
PlayPcmWin.g.en-US.resources:mainwindow.baml,buttonStop:System.Windows.FrameworkElement.Height,None,False,True,,23
PlayPcmWin.g.en-US.resources:mainwindow.baml,buttonStop:System.Windows.FrameworkElement.HorizontalAlignment,None,False,True,,Left
PlayPcmWin.g.en-US.resources:mainwindow.baml,buttonStop:System.Windows.FrameworkElement.Margin,None,False,True,,"78,6,0,0"
PlayPcmWin.g.en-US.resources:mainwindow.baml,buttonStop:System.Windows.FrameworkElement.VerticalAlignment,None,False,True,,Top
PlayPcmWin.g.en-US.resources:mainwindow.baml,buttonStop:System.Windows.FrameworkElement.Width,None,False,True,,66
PlayPcmWin.g.en-US.resources:mainwindow.baml,buttonStop:System.Windows.UIElement.IsEnabled,None,False,True,,False
PlayPcmWin.g.en-US.resources:mainwindow.baml,buttonPause:System.Windows.Controls.Button.$Content,Button,True,True,,
PlayPcmWin.g.en-US.resources:mainwindow.baml,buttonPause:System.Windows.Controls.ContentControl.Content,Button,True,True,,Pa_use
PlayPcmWin.g.en-US.resources:mainwindow.baml,buttonPause:System.Windows.FrameworkElement.Height,None,False,True,,23
PlayPcmWin.g.en-US.resources:mainwindow.baml,buttonPause:System.Windows.FrameworkElement.HorizontalAlignment,None,False,True,,Left
PlayPcmWin.g.en-US.resources:mainwindow.baml,buttonPause:System.Windows.UIElement.IsEnabled,None,False,True,,False
PlayPcmWin.g.en-US.resources:mainwindow.baml,buttonPause:System.Windows.FrameworkElement.Margin,None,False,True,,"149,6,0,0"
PlayPcmWin.g.en-US.resources:mainwindow.baml,buttonPause:System.Windows.FrameworkElement.VerticalAlignment,None,False,True,,Top
PlayPcmWin.g.en-US.resources:mainwindow.baml,buttonPause:System.Windows.FrameworkElement.Width,None,False,True,,89
PlayPcmWin.g.en-US.resources:mainwindow.baml,buttonPrev:System.Windows.Controls.Button.$Content,Button,True,True,,
PlayPcmWin.g.en-US.resources:mainwindow.baml,buttonPrev:System.Windows.Controls.ContentControl.Content,Button,True,True,,Prev
PlayPcmWin.g.en-US.resources:mainwindow.baml,buttonPrev:System.Windows.FrameworkElement.Height,None,False,True,,23
PlayPcmWin.g.en-US.resources:mainwindow.baml,buttonPrev:System.Windows.FrameworkElement.HorizontalAlignment,None,False,True,,Left
PlayPcmWin.g.en-US.resources:mainwindow.baml,buttonPrev:System.Windows.UIElement.IsEnabled,None,False,True,,False
PlayPcmWin.g.en-US.resources:mainwindow.baml,buttonPrev:System.Windows.FrameworkElement.Margin,None,False,True,,"256,6,0,0"
PlayPcmWin.g.en-US.resources:mainwindow.baml,buttonPrev:System.Windows.FrameworkElement.VerticalAlignment,None,False,True,,Top
PlayPcmWin.g.en-US.resources:mainwindow.baml,buttonPrev:System.Windows.FrameworkElement.Width,None,False,True,,50
PlayPcmWin.g.en-US.resources:mainwindow.baml,buttonNext:System.Windows.Controls.Button.$Content,Button,True,True,,
PlayPcmWin.g.en-US.resources:mainwindow.baml,buttonNext:System.Windows.Controls.ContentControl.Content,Button,True,True,,Next
PlayPcmWin.g.en-US.resources:mainwindow.baml,buttonNext:System.Windows.FrameworkElement.Height,None,False,True,,23
PlayPcmWin.g.en-US.resources:mainwindow.baml,buttonNext:System.Windows.FrameworkElement.HorizontalAlignment,None,False,True,,Left
PlayPcmWin.g.en-US.resources:mainwindow.baml,buttonNext:System.Windows.UIElement.IsEnabled,None,False,True,,False
PlayPcmWin.g.en-US.resources:mainwindow.baml,buttonNext:System.Windows.FrameworkElement.Margin,None,False,True,,"311,6,0,0"
PlayPcmWin.g.en-US.resources:mainwindow.baml,buttonNext:System.Windows.FrameworkElement.VerticalAlignment,None,False,True,,Top
PlayPcmWin.g.en-US.resources:mainwindow.baml,buttonNext:System.Windows.FrameworkElement.Width,None,False,True,,50
PlayPcmWin.g.en-US.resources:mainwindow.baml,labelPlayingTime:System.Windows.Controls.Label.$Content,Label,True,True,,
PlayPcmWin.g.en-US.resources:mainwindow.baml,labelPlayingTime:System.Windows.Controls.ContentControl.Content,Label,True,True,,00:00:00/00:00:00
PlayPcmWin.g.en-US.resources:mainwindow.baml,labelPlayingTime:System.Windows.FrameworkElement.Margin,None,False,True,,"148,30,6,0"
PlayPcmWin.g.en-US.resources:mainwindow.baml,labelPlayingTime:System.Windows.FrameworkElement.Height,None,False,True,,29
PlayPcmWin.g.en-US.resources:mainwindow.baml,labelPlayingTime:System.Windows.FrameworkElement.VerticalAlignment,None,False,True,,Top
PlayPcmWin.g.en-US.resources:mainwindow.baml,labelPlayingTime:System.Windows.Controls.Control.HorizontalContentAlignment,None,False,True,,Right
PlayPcmWin.g.en-US.resources:mainwindow.baml,labelPlayingTime:System.Windows.Controls.Control.VerticalContentAlignment,None,False,True,,Center
PlayPcmWin.g.en-US.resources:mainwindow.baml,labelPlayingTime:System.Windows.Controls.Control.FontWeight,None,True,True,,Bold
PlayPcmWin.g.en-US.resources:mainwindow.baml,labelPlayingTime:System.Windows.Controls.Control.FontSize,None,True,True,,16
PlayPcmWin.g.en-US.resources:mainwindow.baml,labelPlayingTime:System.Windows.Controls.Control.FontFamily,Font,True,True,,Courier New
PlayPcmWin.g.en-US.resources:mainwindow.baml,slider1:System.Windows.FrameworkElement.Margin,None,False,True,,"6,0,7,0"
PlayPcmWin.g.en-US.resources:mainwindow.baml,slider1:System.Windows.FrameworkElement.Height,None,False,True,,23
PlayPcmWin.g.en-US.resources:mainwindow.baml,slider1:System.Windows.FrameworkElement.VerticalAlignment,None,False,True,,Bottom
PlayPcmWin.g.en-US.resources:mainwindow.baml,checkBoxContinuous:System.Windows.Controls.CheckBox.$Content,CheckBox,True,True,,
PlayPcmWin.g.en-US.resources:mainwindow.baml,checkBoxContinuous:System.Windows.Controls.ContentControl.Content,CheckBox,True,True,,Repeat
PlayPcmWin.g.en-US.resources:mainwindow.baml,checkBoxContinuous:System.Windows.FrameworkElement.Height,None,False,True,,16
PlayPcmWin.g.en-US.resources:mainwindow.baml,checkBoxContinuous:System.Windows.FrameworkElement.HorizontalAlignment,None,False,True,,Left
PlayPcmWin.g.en-US.resources:mainwindow.baml,checkBoxContinuous:System.Windows.FrameworkElement.Margin,None,False,True,,"6,35,0,0"
PlayPcmWin.g.en-US.resources:mainwindow.baml,checkBoxContinuous:System.Windows.FrameworkElement.VerticalAlignment,None,False,True,,Top
PlayPcmWin.g.en-US.resources:mainwindow.baml,checkBoxContinuous:System.Windows.Controls.Primitives.ToggleButton.IsChecked,None,False,True,,True
PlayPcmWin.g.en-US.resources:mainwindow.baml,checkBoxShuffle:System.Windows.Controls.CheckBox.$Content,CheckBox,True,True,,
PlayPcmWin.g.en-US.resources:mainwindow.baml,checkBoxShuffle:System.Windows.Controls.ContentControl.Content,CheckBox,True,True,,Shuffle
PlayPcmWin.g.en-US.resources:mainwindow.baml,checkBoxShuffle:System.Windows.FrameworkElement.Height,None,False,True,,16
PlayPcmWin.g.en-US.resources:mainwindow.baml,checkBoxShuffle:System.Windows.FrameworkElement.HorizontalAlignment,None,False,True,,Left
PlayPcmWin.g.en-US.resources:mainwindow.baml,checkBoxShuffle:System.Windows.Controls.Primitives.ToggleButton.IsChecked,None,False,True,,false
PlayPcmWin.g.en-US.resources:mainwindow.baml,checkBoxShuffle:System.Windows.FrameworkElement.Margin,None,False,True,,"85,35,0,0"
PlayPcmWin.g.en-US.resources:mainwindow.baml,checkBoxShuffle:System.Windows.FrameworkElement.VerticalAlignment,None,False,True,,Top
PlayPcmWin.g.en-US.resources:mainwindow.baml,expanderSettings:System.Windows.Controls.Expander.$Content,None,False,True,,#Grid_4;
PlayPcmWin.g.en-US.resources:mainwindow.baml,expanderSettings:System.Windows.Controls.HeaderedContentControl.Header,Label,True,True,,Settings
PlayPcmWin.g.en-US.resources:mainwindow.baml,expanderSettings:System.Windows.FrameworkElement.Margin,None,False,True,,"0,29,6,26"
PlayPcmWin.g.en-US.resources:mainwindow.baml,expanderSettings:System.Windows.Controls.Control.BorderBrush,None,False,True,,\#FFD5DFE5
PlayPcmWin.g.en-US.resources:mainwindow.baml,expanderSettings:System.Windows.Controls.Expander.IsExpanded,None,False,True,,True
PlayPcmWin.g.en-US.resources:mainwindow.baml,expanderSettings:System.Windows.Controls.Grid.Column,None,False,True,,1
PlayPcmWin.g.en-US.resources:mainwindow.baml,expanderSettings:System.Windows.Controls.Expander.ExpandDirection,None,True,False,,Right
PlayPcmWin.g.en-US.resources:mainwindow.baml,groupBoxWasapiSettings:System.Windows.Controls.GroupBox.$Content,None,False,True,,#Grid_5;
PlayPcmWin.g.en-US.resources:mainwindow.baml,groupBoxWasapiSettings:System.Windows.Controls.HeaderedContentControl.Header,Label,True,True,,WASAPI settings
PlayPcmWin.g.en-US.resources:mainwindow.baml,groupBoxWasapiSettings:System.Windows.FrameworkElement.Width,None,False,True,,320
PlayPcmWin.g.en-US.resources:mainwindow.baml,groupBoxWasapiSettings:System.Windows.FrameworkElement.Height,None,False,True,,224
PlayPcmWin.g.en-US.resources:mainwindow.baml,groupBoxWasapiSettings:System.Windows.FrameworkElement.Margin,None,False,True,,"6,6,6,0"
PlayPcmWin.g.en-US.resources:mainwindow.baml,groupBoxWasapiSettings:System.Windows.FrameworkElement.VerticalAlignment,None,False,True,,Top
PlayPcmWin.g.en-US.resources:mainwindow.baml,groupBox5:System.Windows.Controls.GroupBox.$Content,None,False,True,,#Grid_6;
PlayPcmWin.g.en-US.resources:mainwindow.baml,groupBox5:System.Windows.Controls.HeaderedContentControl.Header,Label,True,True,,Operation mode
PlayPcmWin.g.en-US.resources:mainwindow.baml,groupBox5:System.Windows.FrameworkElement.Height,None,False,True,,79
PlayPcmWin.g.en-US.resources:mainwindow.baml,groupBox5:System.Windows.FrameworkElement.HorizontalAlignment,None,False,True,,Left
PlayPcmWin.g.en-US.resources:mainwindow.baml,groupBox5:System.Windows.FrameworkElement.VerticalAlignment,None,False,True,,Top
PlayPcmWin.g.en-US.resources:mainwindow.baml,groupBox5:System.Windows.FrameworkElement.Width,None,False,True,,127
PlayPcmWin.g.en-US.resources:mainwindow.baml,groupBox5:System.Windows.FrameworkElement.Margin,None,False,True,,"6,6,0,0"
PlayPcmWin.g.en-US.resources:mainwindow.baml,radioButtonExclusive:System.Windows.Controls.RadioButton.$Content,RadioButton,True,True,,
PlayPcmWin.g.en-US.resources:mainwindow.baml,radioButtonExclusive:System.Windows.Controls.ContentControl.Content,RadioButton,True,True,,Exclusive
PlayPcmWin.g.en-US.resources:mainwindow.baml,radioButtonExclusive:System.Windows.FrameworkElement.Height,None,False,True,,16
PlayPcmWin.g.en-US.resources:mainwindow.baml,radioButtonExclusive:System.Windows.FrameworkElement.HorizontalAlignment,None,False,True,,Left
PlayPcmWin.g.en-US.resources:mainwindow.baml,radioButtonExclusive:System.Windows.FrameworkElement.Margin,None,False,True,,"6,6,0,0"
PlayPcmWin.g.en-US.resources:mainwindow.baml,radioButtonExclusive:System.Windows.FrameworkElement.VerticalAlignment,None,False,True,,Top
PlayPcmWin.g.en-US.resources:mainwindow.baml,radioButtonExclusive:System.Windows.Controls.Primitives.ToggleButton.IsChecked,None,False,True,,True
PlayPcmWin.g.en-US.resources:mainwindow.baml,radioButtonShared:System.Windows.Controls.RadioButton.$Content,RadioButton,True,True,,
PlayPcmWin.g.en-US.resources:mainwindow.baml,radioButtonShared:System.Windows.Controls.ContentControl.Content,RadioButton,True,True,,Shared
PlayPcmWin.g.en-US.resources:mainwindow.baml,radioButtonShared:System.Windows.FrameworkElement.Height,None,False,True,,16
PlayPcmWin.g.en-US.resources:mainwindow.baml,radioButtonShared:System.Windows.FrameworkElement.HorizontalAlignment,None,False,True,,Left
PlayPcmWin.g.en-US.resources:mainwindow.baml,radioButtonShared:System.Windows.FrameworkElement.Margin,None,False,True,,"6,28,0,0"
PlayPcmWin.g.en-US.resources:mainwindow.baml,radioButtonShared:System.Windows.FrameworkElement.VerticalAlignment,None,False,True,,Top
PlayPcmWin.g.en-US.resources:mainwindow.baml,groupBox3:System.Windows.Controls.GroupBox.$Content,None,False,True,,#Grid_7;
PlayPcmWin.g.en-US.resources:mainwindow.baml,groupBox3:System.Windows.Controls.HeaderedContentControl.Header,Label,True,True,,Output latency
PlayPcmWin.g.en-US.resources:mainwindow.baml,groupBox3:System.Windows.FrameworkElement.Height,None,False,True,,59
PlayPcmWin.g.en-US.resources:mainwindow.baml,groupBox3:System.Windows.FrameworkElement.HorizontalAlignment,None,False,True,,Left
PlayPcmWin.g.en-US.resources:mainwindow.baml,groupBox3:System.Windows.FrameworkElement.Margin,None,False,True,,"138,135,0,0"
PlayPcmWin.g.en-US.resources:mainwindow.baml,groupBox3:System.Windows.FrameworkElement.VerticalAlignment,None,False,True,,Top
PlayPcmWin.g.en-US.resources:mainwindow.baml,groupBox3:System.Windows.FrameworkElement.Width,None,False,True,,164
PlayPcmWin.g.en-US.resources:mainwindow.baml,textBoxLatency:System.Windows.Controls.TextBox.$Content,Text,True,True,,
PlayPcmWin.g.en-US.resources:mainwindow.baml,textBoxLatency:System.Windows.FrameworkElement.Height,None,False,True,,24
PlayPcmWin.g.en-US.resources:mainwindow.baml,textBoxLatency:System.Windows.FrameworkElement.HorizontalAlignment,None,False,True,,Left
PlayPcmWin.g.en-US.resources:mainwindow.baml,textBoxLatency:System.Windows.FrameworkElement.Margin,None,False,True,,"6,6,0,0"
PlayPcmWin.g.en-US.resources:mainwindow.baml,textBoxLatency:System.Windows.FrameworkElement.VerticalAlignment,None,False,True,,Center
PlayPcmWin.g.en-US.resources:mainwindow.baml,textBoxLatency:System.Windows.FrameworkElement.Width,None,False,True,,69
PlayPcmWin.g.en-US.resources:mainwindow.baml,textBoxLatency:System.Windows.Controls.TextBox.Text,Text,True,True,,latency
PlayPcmWin.g.en-US.resources:mainwindow.baml,textBoxLatency:System.Windows.Controls.Control.HorizontalContentAlignment,None,False,True,,Right
PlayPcmWin.g.en-US.resources:mainwindow.baml,label2:System.Windows.Controls.Label.$Content,Label,True,True,,
PlayPcmWin.g.en-US.resources:mainwindow.baml,label2:System.Windows.Controls.ContentControl.Content,Label,True,True,,ms
PlayPcmWin.g.en-US.resources:mainwindow.baml,label2:System.Windows.FrameworkElement.Height,None,False,True,,24
PlayPcmWin.g.en-US.resources:mainwindow.baml,label2:System.Windows.FrameworkElement.HorizontalAlignment,None,False,True,,Left
PlayPcmWin.g.en-US.resources:mainwindow.baml,label2:System.Windows.FrameworkElement.Margin,None,False,True,,"81,6,0,0"
PlayPcmWin.g.en-US.resources:mainwindow.baml,label2:System.Windows.FrameworkElement.VerticalAlignment,None,False,True,,Top
PlayPcmWin.g.en-US.resources:mainwindow.baml,label2:System.Windows.FrameworkElement.Width,None,False,True,,55
PlayPcmWin.g.en-US.resources:mainwindow.baml,label2:System.Windows.Controls.Control.VerticalContentAlignment,None,False,True,,Center
PlayPcmWin.g.en-US.resources:mainwindow.baml,groupBox4:System.Windows.Controls.GroupBox.$Content,None,False,True,,#Grid_8;
PlayPcmWin.g.en-US.resources:mainwindow.baml,groupBox4:System.Windows.Controls.HeaderedContentControl.Header,Label,True,True,,Render thread task type
PlayPcmWin.g.en-US.resources:mainwindow.baml,groupBox4:System.Windows.FrameworkElement.Height,None,False,True,,123
PlayPcmWin.g.en-US.resources:mainwindow.baml,groupBox4:System.Windows.FrameworkElement.HorizontalAlignment,None,False,True,,Left
PlayPcmWin.g.en-US.resources:mainwindow.baml,groupBox4:System.Windows.FrameworkElement.Margin,None,False,True,,"138,6,0,0"
PlayPcmWin.g.en-US.resources:mainwindow.baml,groupBox4:System.Windows.FrameworkElement.VerticalAlignment,None,False,True,,Top
PlayPcmWin.g.en-US.resources:mainwindow.baml,groupBox4:System.Windows.FrameworkElement.Width,None,False,True,,163
PlayPcmWin.g.en-US.resources:mainwindow.baml,radioButtonTaskAudio:System.Windows.Controls.RadioButton.$Content,RadioButton,True,True,,
PlayPcmWin.g.en-US.resources:mainwindow.baml,radioButtonTaskAudio:System.Windows.Controls.ContentControl.Content,RadioButton,True,True,,Audio
PlayPcmWin.g.en-US.resources:mainwindow.baml,radioButtonTaskAudio:System.Windows.FrameworkElement.Height,None,False,True,,16
PlayPcmWin.g.en-US.resources:mainwindow.baml,radioButtonTaskAudio:System.Windows.FrameworkElement.HorizontalAlignment,None,False,True,,Left
PlayPcmWin.g.en-US.resources:mainwindow.baml,radioButtonTaskAudio:System.Windows.Controls.Primitives.ToggleButton.IsChecked,None,False,True,,False
PlayPcmWin.g.en-US.resources:mainwindow.baml,radioButtonTaskAudio:System.Windows.FrameworkElement.Margin,None,False,True,,"6,6,0,0"
PlayPcmWin.g.en-US.resources:mainwindow.baml,radioButtonTaskAudio:System.Windows.FrameworkElement.VerticalAlignment,None,False,True,,Top
PlayPcmWin.g.en-US.resources:mainwindow.baml,radioButtonTaskProAudio:System.Windows.Controls.RadioButton.$Content,RadioButton,True,True,,
PlayPcmWin.g.en-US.resources:mainwindow.baml,radioButtonTaskProAudio:System.Windows.Controls.ContentControl.Content,RadioButton,True,True,,Pro Audio
PlayPcmWin.g.en-US.resources:mainwindow.baml,radioButtonTaskProAudio:System.Windows.FrameworkElement.Height,None,False,True,,16
PlayPcmWin.g.en-US.resources:mainwindow.baml,radioButtonTaskProAudio:System.Windows.FrameworkElement.HorizontalAlignment,None,False,True,,Left
PlayPcmWin.g.en-US.resources:mainwindow.baml,radioButtonTaskProAudio:System.Windows.FrameworkElement.Margin,None,False,True,,"6,28,0,0"
PlayPcmWin.g.en-US.resources:mainwindow.baml,radioButtonTaskProAudio:System.Windows.FrameworkElement.VerticalAlignment,None,False,True,,Top
PlayPcmWin.g.en-US.resources:mainwindow.baml,radioButtonTaskProAudio:System.Windows.Controls.Primitives.ToggleButton.IsChecked,None,False,True,,True
PlayPcmWin.g.en-US.resources:mainwindow.baml,radioButtonTaskNone:System.Windows.Controls.RadioButton.$Content,RadioButton,True,True,,
PlayPcmWin.g.en-US.resources:mainwindow.baml,radioButtonTaskNone:System.Windows.Controls.ContentControl.Content,RadioButton,True,True,,Playback
PlayPcmWin.g.en-US.resources:mainwindow.baml,radioButtonTaskNone:System.Windows.FrameworkElement.Height,None,False,True,,16
PlayPcmWin.g.en-US.resources:mainwindow.baml,radioButtonTaskNone:System.Windows.FrameworkElement.HorizontalAlignment,None,False,True,,Left
PlayPcmWin.g.en-US.resources:mainwindow.baml,radioButtonTaskNone:System.Windows.Controls.Primitives.ToggleButton.IsChecked,None,False,True,,False
PlayPcmWin.g.en-US.resources:mainwindow.baml,radioButtonTaskNone:System.Windows.FrameworkElement.Margin,None,False,True,,"6,50,0,0"
PlayPcmWin.g.en-US.resources:mainwindow.baml,radioButtonTaskNone:System.Windows.FrameworkElement.VerticalAlignment,None,False,True,,Top
PlayPcmWin.g.en-US.resources:mainwindow.baml,radioButtonTaskNone:System.Windows.FrameworkElement.Width,None,False,True,,98
PlayPcmWin.g.en-US.resources:mainwindow.baml,radioButtonTaskPlayback:System.Windows.Controls.RadioButton.$Content,RadioButton,True,True,,
PlayPcmWin.g.en-US.resources:mainwindow.baml,radioButtonTaskPlayback:System.Windows.Controls.ContentControl.Content,RadioButton,True,True,,None
PlayPcmWin.g.en-US.resources:mainwindow.baml,radioButtonTaskPlayback:System.Windows.FrameworkElement.Height,None,False,True,,16
PlayPcmWin.g.en-US.resources:mainwindow.baml,radioButtonTaskPlayback:System.Windows.FrameworkElement.HorizontalAlignment,None,False,True,,Left
PlayPcmWin.g.en-US.resources:mainwindow.baml,radioButtonTaskPlayback:System.Windows.Controls.Primitives.ToggleButton.IsChecked,None,False,True,,False
PlayPcmWin.g.en-US.resources:mainwindow.baml,radioButtonTaskPlayback:System.Windows.FrameworkElement.Margin,None,False,True,,"6,72,0,0"
PlayPcmWin.g.en-US.resources:mainwindow.baml,radioButtonTaskPlayback:System.Windows.FrameworkElement.VerticalAlignment,None,False,True,,Top
PlayPcmWin.g.en-US.resources:mainwindow.baml,radioButtonTaskPlayback:System.Windows.FrameworkElement.Width,None,False,True,,98
PlayPcmWin.g.en-US.resources:mainwindow.baml,groupBox6:System.Windows.Controls.GroupBox.$Content,None,False,True,,#Grid_9;
PlayPcmWin.g.en-US.resources:mainwindow.baml,groupBox6:System.Windows.Controls.HeaderedContentControl.Header,Label,True,True,,Data feed mode
PlayPcmWin.g.en-US.resources:mainwindow.baml,groupBox6:System.Windows.FrameworkElement.Height,None,False,True,,78
PlayPcmWin.g.en-US.resources:mainwindow.baml,groupBox6:System.Windows.FrameworkElement.HorizontalAlignment,None,False,True,,Left
PlayPcmWin.g.en-US.resources:mainwindow.baml,groupBox6:System.Windows.FrameworkElement.Margin,None,False,True,,"6,85,0,0"
PlayPcmWin.g.en-US.resources:mainwindow.baml,groupBox6:System.Windows.FrameworkElement.VerticalAlignment,None,False,True,,Top
PlayPcmWin.g.en-US.resources:mainwindow.baml,groupBox6:System.Windows.FrameworkElement.Width,None,False,True,,127
PlayPcmWin.g.en-US.resources:mainwindow.baml,radioButtonEventDriven:System.Windows.Controls.RadioButton.$Content,RadioButton,True,True,,
PlayPcmWin.g.en-US.resources:mainwindow.baml,radioButtonEventDriven:System.Windows.Controls.ContentControl.Content,RadioButton,True,True,,Event driven
PlayPcmWin.g.en-US.resources:mainwindow.baml,radioButtonEventDriven:System.Windows.FrameworkElement.Height,None,False,True,,16
PlayPcmWin.g.en-US.resources:mainwindow.baml,radioButtonEventDriven:System.Windows.FrameworkElement.HorizontalAlignment,None,False,True,,Left
PlayPcmWin.g.en-US.resources:mainwindow.baml,radioButtonEventDriven:System.Windows.Controls.Primitives.ToggleButton.IsChecked,None,False,True,,True
PlayPcmWin.g.en-US.resources:mainwindow.baml,radioButtonEventDriven:System.Windows.FrameworkElement.Margin,None,False,True,,"6,6,0,0"
PlayPcmWin.g.en-US.resources:mainwindow.baml,radioButtonEventDriven:System.Windows.FrameworkElement.VerticalAlignment,None,False,True,,Top
PlayPcmWin.g.en-US.resources:mainwindow.baml,radioButtonTimerDriven:System.Windows.Controls.RadioButton.$Content,RadioButton,True,True,,
PlayPcmWin.g.en-US.resources:mainwindow.baml,radioButtonTimerDriven:System.Windows.Controls.ContentControl.Content,RadioButton,True,True,,Timer driven
PlayPcmWin.g.en-US.resources:mainwindow.baml,radioButtonTimerDriven:System.Windows.FrameworkElement.Height,None,False,True,,16
PlayPcmWin.g.en-US.resources:mainwindow.baml,radioButtonTimerDriven:System.Windows.FrameworkElement.HorizontalAlignment,None,False,True,,Left
PlayPcmWin.g.en-US.resources:mainwindow.baml,radioButtonTimerDriven:System.Windows.FrameworkElement.Margin,None,False,True,,"6,28,0,0"
PlayPcmWin.g.en-US.resources:mainwindow.baml,radioButtonTimerDriven:System.Windows.FrameworkElement.VerticalAlignment,None,False,True,,Top
PlayPcmWin.g.en-US.resources:mainwindow.baml,groupBox1:System.Windows.Controls.GroupBox.$Content,None,False,True,,#Grid_10;
PlayPcmWin.g.en-US.resources:mainwindow.baml,groupBox1:System.Windows.Controls.HeaderedContentControl.Header,Label,True,True,,Output device
PlayPcmWin.g.en-US.resources:mainwindow.baml,groupBox1:System.Windows.FrameworkElement.Width,None,False,True,,320
PlayPcmWin.g.en-US.resources:mainwindow.baml,groupBox1:System.Windows.FrameworkElement.Margin,None,False,True,,"6,233,6,106"
PlayPcmWin.g.en-US.resources:mainwindow.baml,listBoxDevices:System.Windows.Controls.ListBox.$Content,ListBox,True,True,,
PlayPcmWin.g.en-US.resources:mainwindow.baml,listBoxDevices:System.Windows.FrameworkElement.Margin,None,False,True,,"6,6,6,37"
PlayPcmWin.g.en-US.resources:mainwindow.baml,buttonSettings:System.Windows.Controls.Button.$Content,Button,True,True,,
PlayPcmWin.g.en-US.resources:mainwindow.baml,buttonSettings:System.Windows.Controls.ContentControl.Content,Button,True,True,,_Detailed settings...
PlayPcmWin.g.en-US.resources:mainwindow.baml,buttonSettings:System.Windows.FrameworkElement.Height,None,False,True,,23
PlayPcmWin.g.en-US.resources:mainwindow.baml,buttonSettings:System.Windows.FrameworkElement.HorizontalAlignment,None,False,True,,Left
PlayPcmWin.g.en-US.resources:mainwindow.baml,buttonSettings:System.Windows.FrameworkElement.Margin,None,False,True,,"6,0,0,6"
PlayPcmWin.g.en-US.resources:mainwindow.baml,buttonSettings:System.Windows.FrameworkElement.VerticalAlignment,None,False,True,,Bottom
PlayPcmWin.g.en-US.resources:mainwindow.baml,buttonSettings:System.Windows.FrameworkElement.Width,None,False,True,,134
PlayPcmWin.g.en-US.resources:mainwindow.baml,buttonInspectDevice:System.Windows.Controls.Button.$Content,Button,True,True,,
PlayPcmWin.g.en-US.resources:mainwindow.baml,buttonInspectDevice:System.Windows.Controls.ContentControl.Content,Button,True,True,,L_ist suppoted format
PlayPcmWin.g.en-US.resources:mainwindow.baml,buttonInspectDevice:System.Windows.FrameworkElement.Height,None,False,True,,23
PlayPcmWin.g.en-US.resources:mainwindow.baml,buttonInspectDevice:System.Windows.FrameworkElement.HorizontalAlignment,None,False,True,,Left
PlayPcmWin.g.en-US.resources:mainwindow.baml,buttonInspectDevice:System.Windows.FrameworkElement.Margin,None,False,True,,"147,0,0,6"
PlayPcmWin.g.en-US.resources:mainwindow.baml,buttonInspectDevice:System.Windows.FrameworkElement.VerticalAlignment,None,False,True,,Bottom
PlayPcmWin.g.en-US.resources:mainwindow.baml,buttonInspectDevice:System.Windows.FrameworkElement.Width,None,False,True,,154
PlayPcmWin.g.en-US.resources:mainwindow.baml,groupBoxLog:System.Windows.Controls.GroupBox.$Content,None,False,True,,#Grid_11;
PlayPcmWin.g.en-US.resources:mainwindow.baml,groupBoxLog:System.Windows.Controls.HeaderedContentControl.Header,Label,True,True,,Log
PlayPcmWin.g.en-US.resources:mainwindow.baml,groupBoxLog:System.Windows.FrameworkElement.Width,None,False,True,,320
PlayPcmWin.g.en-US.resources:mainwindow.baml,groupBoxLog:System.Windows.FrameworkElement.Height,None,False,True,,100
PlayPcmWin.g.en-US.resources:mainwindow.baml,groupBoxLog:System.Windows.FrameworkElement.VerticalAlignment,None,False,True,,Bottom
PlayPcmWin.g.en-US.resources:mainwindow.baml,groupBoxLog:System.Windows.FrameworkElement.Margin,None,False,True,,"6,0,6,6"
PlayPcmWin.g.en-US.resources:mainwindow.baml,textBoxLog:System.Windows.Controls.TextBox.$Content,Text,True,True,,
PlayPcmWin.g.en-US.resources:mainwindow.baml,textBoxLog:System.Windows.FrameworkElement.Margin,None,False,True,,"0,0,0,0"
PlayPcmWin.g.en-US.resources:mainwindow.baml,textBoxLog:System.Windows.Controls.Primitives.TextBoxBase.IsReadOnly,None,False,True,,True
PlayPcmWin.g.en-US.resources:mainwindow.baml,textBoxLog:System.Windows.Controls.Primitives.TextBoxBase.AcceptsReturn,None,False,True,,True
PlayPcmWin.g.en-US.resources:mainwindow.baml,textBoxLog:System.Windows.Controls.Primitives.TextBoxBase.AcceptsTab,None,False,True,,True
PlayPcmWin.g.en-US.resources:mainwindow.baml,textBoxLog:System.Windows.Controls.Primitives.TextBoxBase.VerticalScrollBarVisibility,Text,True,False,,Auto
PlayPcmWin.g.en-US.resources:mainwindow.baml,textBoxLog:System.Windows.Controls.Primitives.TextBoxBase.HorizontalScrollBarVisibility,Text,True,False,,Auto
PlayPcmWin.g.en-US.resources:mainwindow.baml,textBoxLog:System.Windows.Controls.Control.FontFamily,Font,True,True,,Courier New
PlayPcmWin.g.en-US.resources:mainwindow.baml,statusBar1:System.Windows.Controls.Primitives.StatusBar.$Content,None,False,True,,#statusBarText;
PlayPcmWin.g.en-US.resources:mainwindow.baml,statusBar1:System.Windows.FrameworkElement.Height,None,False,True,,23
PlayPcmWin.g.en-US.resources:mainwindow.baml,statusBar1:System.Windows.FrameworkElement.VerticalAlignment,None,False,True,,Bottom
PlayPcmWin.g.en-US.resources:mainwindow.baml,statusBar1:System.Windows.Controls.Grid.ColumnSpan,None,False,True,,2
PlayPcmWin.g.en-US.resources:mainwindow.baml,statusBarText:System.Windows.Controls.Primitives.StatusBarItem.$Content,None,True,True,,
PlayPcmWin.g.en-US.resources:mainwindow.baml,statusBarText:System.Windows.Controls.ContentControl.Content,None,True,True,,abcde
PlayPcmWin.g.en-US.resources:mainwindow.baml,progressBar1:System.Windows.Controls.ProgressBar.$Content,None,True,True,,
PlayPcmWin.g.en-US.resources:mainwindow.baml,progressBar1:System.Windows.FrameworkElement.Height,None,False,True,,23
PlayPcmWin.g.en-US.resources:mainwindow.baml,progressBar1:System.Windows.FrameworkElement.VerticalAlignment,None,False,True,,Bottom
PlayPcmWin.g.en-US.resources:mainwindow.baml,progressBar1:System.Windows.FrameworkElement.Margin,None,False,True,,"200,0,0,0"
PlayPcmWin.g.en-US.resources:mainwindow.baml,progressBar1:System.Windows.FrameworkElement.HorizontalAlignment,None,False,True,,Left
PlayPcmWin.g.en-US.resources:mainwindow.baml,progressBar1:System.Windows.FrameworkElement.Width,None,False,True,,200
PlayPcmWin.g.en-US.resources:mainwindow.baml,progressBar1:System.Windows.UIElement.Visibility,None,False,True,,Hidden
PlayPcmWin.g.en-US.resources:mainwindow.baml,sliderWindowScaling:System.Windows.FrameworkElement.Height,None,False,True,,23
PlayPcmWin.g.en-US.resources:mainwindow.baml,sliderWindowScaling:System.Windows.FrameworkElement.Margin,None,False,True,,"0,0,1,1"
PlayPcmWin.g.en-US.resources:mainwindow.baml,sliderWindowScaling:System.Windows.FrameworkElement.VerticalAlignment,None,False,True,,Bottom
PlayPcmWin.g.en-US.resources:mainwindow.baml,sliderWindowScaling:System.Windows.Controls.Primitives.RangeBase.Maximum,None,False,True,,1.25
PlayPcmWin.g.en-US.resources:mainwindow.baml,sliderWindowScaling:System.Windows.Controls.Primitives.RangeBase.Minimum,None,False,True,,0.8
PlayPcmWin.g.en-US.resources:mainwindow.baml,sliderWindowScaling:System.Windows.Controls.Primitives.RangeBase.Value,None,False,True,,1
PlayPcmWin.g.en-US.resources:mainwindow.baml,sliderWindowScaling:System.Windows.UIElement.Visibility,None,False,True,,Hidden
PlayPcmWin.g.en-US.resources:mainwindow.baml,sliderWindowScaling:System.Windows.Controls.Grid.Column,None,False,True,,1
PlayPcmWin.g.en-US.resources:mainwindow.baml,sliderWindowScaling:System.Windows.FrameworkElement.HorizontalAlignment,None,False,True,,Right
PlayPcmWin.g.en-US.resources:mainwindow.baml,sliderWindowScaling:System.Windows.FrameworkElement.Width,None,False,True,,52
PlayPcmWin.g.en-US.resources:mainwindow.baml,sliderWindowScaling:System.Windows.Controls.Primitives.RangeBase.SmallChange,None,False,True,,0.0048828125
PlayPcmWin.g.en-US.resources:mainwindow.baml,sliderWindowScaling:System.Windows.Controls.Primitives.RangeBase.LargeChange,None,False,True,,0.0625
